,title,date,comments,companies,languages,original_size,repack_size
0,PORNO STUDIO TYCOON – V1.2017.05.05,06/05/2017,110,Zitrix Megalomedia,RUS/ENG,1.7 GB,496 MB
1,WORLD TO THE WEST,06/05/2017,21,Rain Games / Soedesco,ENG/MULTI9,2.2 GB,660 MB
2,ARC CONTINUUM,05/05/2017,36,Akimbo Creations,ENG,3.8 GB,2.6 GB
3,THE LEGEND OF HEROES: TRAILS IN THE SKY THE 3RD + HOTFIX,04/05/2017,66,Nihon Falcom / Marvelous USA,ENG,3.7 GB,2.7 GB
4,MX VS. ATV SUPERCROSS ENCORE + 31 DLCS,04/05/2017,57,"Rainbow Studios, Nordic Games, Nordic Games",ENG/MULTI5,11.3 GB,from 1.9 GB
5,EXPEDITIONS: VIKING – V1.0.1,29/04/2017,108,Logic Artists,RUS/ENG/MULTI5,10.8 GB,3.8 GB
6,IMMORTAL REDNECK – V1.1.1,28/04/2017,18,CremaGames,RUS/ENG/MULTI8,1.9 GB,1.4 GB
7,BLAZBLUE: CENTRAL FICTION – V1.01,28/04/2017,72,Arc System Works,ENG/MULTI5,28.8 GB,14.3/14.5 GB
8,DE BLOB,28/04/2017,35,Blue Tongue Entertainment / THQ Nordic,ENG/MULTI12,4.7 GB,2.7 GB
9,"SLICE, DICE & RICE",28/04/2017,28,Dojo Games / PlayWay,ENG/MULTI3,1.8 GB,435 MB
10,OUTLAST 2,26/04/2017,438,Red Barrels,RUS/ENG/MULTI9,23.4 GB,from 12.8 GB
11,X REBIRTH – V4.10 + 2 DLCS,23/04/2017,61,Egosoft,RUS/ENG/MULTI6,10.9 GB,from 3.5 GB
12,SHINESS: THE LIGHTNING KINGDOM – V1.01 + MAHERIAN LANGUAGE PACK DLC,20/04/2017,66,Ynnis Interactive / Focus Home Interactive,ENG,8.6 GB,6.4 GB
13,LATE SHIFT,20/04/2017,101,CtrlMovie / Wales Interactive,ENG/MULTI4,14.4 GB,7 GB
14,FULL THROTTLE REMASTERED,19/04/2017,34,"LucasArts, Double Fine, Disney Interactive",ENG/MULTI6,4.3 GB,from 2.4 GB
15,ASSASSIN’S CREED: UNITY – V1.5.0 + ALL DLCS,18/04/2017,2429,Ubisoft All-Around-The-World / Ubisoft Entertainment,RUS/ENG/MULTI14,51.2 GB,from 31.2 GB
16,BAYONETTA 2,16/04/2017,319,PlatinumGames / Nintendo of America,ENG/MULTI6,23.3 GB,from 4.4 GB
17,MR. SHIFTY,15/04/2017,84,Team Shifty / tinyBuild,ENG/MULTI6,1.7 GB,538 MB
18,SHOCK TACTICS + HOTFIX,15/04/2017,31,Point Blank Games / EuroVideo Medien,RUS/ENG/MULTI6,6.7 GB,2.6 GB
19,2DARK,13/04/2017,82,Gloomywood / Bigben Interactive,ENG/MULTI8,533 MB,381 MB
20,BAYONETTA,13/04/2017,362,PlatinumGames,ENG/MULTI6,12 GB,from 6.1 GB
21,PLANESCAPE: TORMENT – ENHANCED EDITION – V3.0.3.0,12/04/2017,65,"Black Isle Studios, Beamdog",ENG/MULTI5,1.4 GB,1.1 GB
22,THE SEXY BRUTALE,12/04/2017,69,Cavalier Game Studios / Tequila Works,ENG/MULTI5,1.4 GB,1 GB
23,DARKSIDERS: WARMASTERED EDITION + UPDATE 11 (V1.00 CS:2617),10/04/2017,267,"Vigil Games, Gunfire Games, THQ Nordic",RUS/ENG/MULTI11,21.9 GB,15.7 GB
24,LEGO CITY UNDERCOVER + UPDATE 1,09/04/2017,139,"TT Games, Warner Bros. Interactive Entertainment",RUS/ENG/MULTI12,17.3 GB,from 5.3 GB
25,FLATOUT 4: TOTAL INSANITY + FREE MULTIPLAYER,08/04/2017,163,"Kylotonn Entertainment, Tiny Rebel Games, Bigben Interactive",RUS/ENG/MULTI8,7.5 GB,3.3 GB
26,SNAKE PASS,30/03/2017,31,Sumo Digital,ENG/MULTI5,2.1 GB,928 MB
27,SENRAN KAGURA ESTIVAL VERSUS + 13 DLCS,27/03/2017,184,Tamsoft / Marvelous,ENG/MULTI4,9.9 GB,from 5.2 GB
28,TROLL AND I + UPDATE 2,26/03/2017,89,Spiral House / Maximum Games,ENG/MULTI6,11.3 GB,6.4 GB
29,VIKINGS: WOLVES OF MIDGARD,25/03/2017,127,Games Farm / Kalypso Media,RUS/ENG/MULTI9,4.9 GB,from 2.4 GB
30,TOUKIDEN 2 – V1.0.1 + ALL DLCS,23/03/2017,307,Omega Force / Koei Tecmo,ENG/JAP,10 GB,from 5.2 GB
31,L.A. NOIRE: THE COMPLETE EDITION – V1.3.2617 + ALL DLCS,20/03/2017,836,Team Bondi / Rockstar Games,RUS/ENG/MULTI6,12.9 GB,11 GB
32,KONA,20/03/2017,76,Parabole,ENG/MULTI5,4.8 GB,1.4 GB
33,ONE SOLE PURPOSE,10/03/2017,63,Sameer Hirezi,ENG,15.1 GB,6.5 GB
34,NEED FOR SPEED: MOST WANTED – LIMITED EDITION – V.1.5.0.0 + ALL DLCS,10/03/2017,859,Criterion Games / Electronic Arts,RUS/ENG/MULTI10,7.4 GB,2.5/2.6 GB
35,LEGO WORLDS,09/03/2017,120,TT Games / Warner Bros. Interactive Entertainment,RUS/ENG/MULTI20,2.1 GB,from 861 MB
36,ATELIER FIRIS: THE ALCHEMIST AND THE MYSTERIOUS JOURNEY – V1.0.0.9 + 2 DLCS,09/03/2017,116,Gust / Tecmo Koei,ENG/JAP,17 GB,from 7 GB
37,SHIFT HAPPENS,08/03/2017,97,"Klonk Games, Deck13, FFF Bayern",RUS/ENG/MULTI5,1.7 GB,1 GB
38,ULTIMATE MARVEL VS. CAPCOM 3,08/03/2017,163,Capcom,ENG/MULTI6,2.4 GB,1.7 GB
39,LARA CROFT GO + THE MIRROR OF SPIRITS,06/03/2017,149,Square Enix Montreal / Square Enix,RUS/ENG/MULTI7,1.4 GB,355 MB
40,JUST CAUSE 3: XL EDITION – V1.05 + ALL DLCS,28/02/2017,1484,"Avalanche Studios, Square Enix London Studios, Square Enix",RUS/ENG/MULTI10,60.3 GB,from 16.7 GB
41,GUILTY GEAR XRD -REVELATOR- DIGITAL DELUXE EDITION – V1.01 + 7 DLC,27/02/2017,114,Arc System Works,ENG/MULTI5,10.1 GB,from 4.4 GB
42,NIGHT IN THE WOODS,25/02/2017,81,Infinite Ammo,ENG,2.1 GB,1.1 GB
43,BERSERK AND THE BAND OF THE HAWK + 6 DLCS,22/02/2017,220,Omega Force / Koei Tecmo America,ENG,16.1 GB,10.7 GB
44,FAIRY FENCER F: ADVENT DARK FORCE – BUILD.20170218 + ALL DLCS,22/02/2017,118,Compile Heart / Idea Factory International,ENG/MULTI3,9.1 GB,from 3.1 GB
45,TALES OF BERSERIA – V1.48.00#193 + 12 DLCS,18/02/2017,449,Bandai Namco Studios,RUS/ENG/MULTI7,13.7 GB,from 5.7 GB
46,NIGHTS OF AZURE + UPDATE 1,16/02/2017,129,Gust / Koei Tecmo Games,ENG,4.9 GB,2.4 GB
47,HUSK + UPDATE 3,15/02/2017,30,UndeadScout / IMGN.PRO,RUS/ENG/MULTI8,12.6 GB,8.3 GB
48,WWE 2K17: DIGITAL DELUXE EDITION + 6 DLC + UPDATE 1,12/02/2017,563,"Yuke’s, Visual Concepts, 2K Sports",ENG/MULTI6,45.2 GB,23.7/25.8 GB
49,TAKE ON MARS – V1.0.0001,12/02/2017,69,Bohemia Interactive,ENG,4.9 GB,3.9 GB
50,PHONING HOME + UPDATE 1,10/02/2017,231,Ion Lands,RUS/ENG/MULTI5,4 GB,2.2 GB
51,BATTLEFIELD 1: DIGITAL DELUXE EDITION – UPDATE 3 + 3 DLC,08/02/2017,2251,DICE / EA,RUS/ENG/MULTI12,50 GB,16.6/25.8 GB
52,YOUTUBERS LIFE,03/02/2017,290,U-Play Studios,RUS/ENG/MULTI16,995 MB,720 MB
53,EADOR: IMPERIUM,29/01/2017,92,Snowbird Game Studios,RUS/ENG/GER,2.3 GB,580 MB
54,ROCKETBIRDS 2: EVOLUTION,27/01/2017,63,Ratloop Asia / Reverb Triple XP,ENG/MULTI11,4.8 GB,2.2 GB
55,GOD EATER 2: RAGE BURST,24/01/2017,241,Shift / Bandai Namco Games,RUS/ENG/MULTI6,14.1 GB,from 3.9 GB
56,DISNEY INFINITY: GOLD COLLECTION – 1.0 + 2.0 + 3.0,11/01/2017,248,"Avalanche Software, Disney Interactive Studios",RUS/ENG/MULTI8,27.7 GB,from 14 GB
57,FAR CRY: PRIMAL – APEX EDITION – V1.3.3 + ALL DLCS + ULTRA HD TEXTURES,09/01/2017,1123,"Ubisoft Montreal, Ubisoft Entertainment",RUS/ENG/MULTI19,19.6 GB,9.5/12.1 GB
58,SPEC OPS: THE LINE + 2 DLC + MULTIPLAYER,07/01/2017,340,"Yager Development, Darkside Game Studios, 2K Games",RUS/ENG/MULTI7,6.1 GB,4.4 GB
59,CALL OF DUTY: BLACK OPS + ALL DLCS + ZOMBIES + MULTIPLAYER,06/01/2017,1906,Treyarch / Activision,RUS/ENG/MULTI6,22.1 GB,7~7.3 GB
60,MOTOGP 14: COMPLETE EDITION – V1.001 + 4 DLCS,04/01/2017,86,Milestone / PQube,ENG/MULTI6,14.8 GB,7.8 GB
61,NEED FOR SPEED: HOT PURSUIT – V1.0.5.0S + ALL DLCS,31/12/2016,510,Criterion Games / Electronic Arts,RUS/ENG/MULTI12,7.7 GB,3.9 GB
62,CHAMPIONS OF ANTERIA – V1.7.499537.X + ALL DLCS,29/12/2016,133,Blue Byte / Ubisoft Entertainment,RUS/ENG/MULTI7,8.9 GB,6.8/6.9 GB
63,THE BUTTERFLY SIGN – V1.1.2/UPDATE 5,17/12/2016,41,Quantum Phoenix,RUS/ENG/MULTI4,9.7 GB,7.3 GB
64,SNIPER ELITE 3 – V1.15A + ALL DLCS + MULTIPLAYER,15/12/2016,305,Rebellion Developments / 505 Games,RUS/ENG/MULTI9,20.6 GB,8.5 GB
65,FILTHY LUCRE + CRACKFIX + MULTIPLAYER,15/12/2016,48,Fabrik Games,RUS/ENG/MULTI14,3.8 GB,2.1 GB
66,MINIATURE: THE STORY PUZZLE,13/12/2016,54,purpleElephant,ENG,1.7 GB,1 GB
67,YU-GI-OH! LEGACY OF THE DUELIST + 18 DLCS + MULTIPLAYER,11/12/2016,298,Other Ocean / Konami Digital Entertainment,ENG/MULTI5,1.1 GB,577 MB
68,AQUA MOTO RACING UTOPIA,11/12/2016,28,Zordix,RUS/ENG/MULTI9,4.4 GB,2.4 GB
69,THE DESCENDANT: FULL SEASON (EPISODES 1-5),09/12/2016,45,Gaming Corps,ENG/MULTI5,6.9 GB,4 GB
70,MASTER OF ORION: COLLECTOR’S EDITION + REVENGE OF ANTARES + BONUS CONTENT,09/12/2016,57,NGD Studios / Wargaming,RUS/ENG/MULTI11,4.5 GB,from 2.3 GB
71,SHADOW TACTICS: BLADES OF THE SHOGUN – V1.1.2.F,07/12/2016,113,Mimimi Productions / Daedalic Entertainment,RUS/ENG/MULTI10,9 GB,4 GB
72,MAIZE,07/12/2016,38,Finish Line Games,ENG,6.5 GB,3.8 GB
73,THE DWARVES – V1.1.2.57,04/12/2016,38,KING Art / EuroVideo Medien,RUS/ENG/MULTI8,10.3 GB,from 6.1 GB
74,METAL GEAR SOLID V: GROUND ZEROES – V1.0.0.5 + CRACKFIX,30/11/2016,238,Kojima Productions / Konami,RUS/ENG/MULTI8,4.5 GB,1.8 GB
75,"LEGO STAR WARS: THE FORCE AWAKENS, V1.03 (BUILD 1.0.0.33084) + 12 DLCS",27/11/2016,97,TT Games / Warner Bros. Interactive Entertainment,RUS/ENG/MULTI10,18.7 GB,from 7 GB
76,ALICE VR – V.1.2.4.1,19/11/2016,35,Carbon Studio / Klabater,RUS/ENG/MULTI6,9.3 GB,6.2 GB
77,TRILLION: GOD OF DESTRUCTION + DELUXE PACK DLC,18/11/2016,44,Idea Factory / Compile Heart,ENG/JAP,7 GB,4.6/4.7 GB
78,RENOIR,17/11/2016,12,Soulbound Games / Black Wing Foundation / 1C Publishing EU,RUS/ENG/MULTI10,1.4 GB,1 GB
79,ROLLERCOASTER TYCOON WORLD – V61951,17/11/2016,41,Nvizzio Creations / Atari,RUS/ENG/MULTI10,4 GB,2.1 GB
80,NOBUNAGA’S AMBITION: SPHERE OF INFLUENCE – ASCENSION + 9 DLCS,16/11/2016,94,Tecmo Koei / Koei Tecmo,ENG/JAP/CHT,8.5 GB,from 3.2 GB
81,LANTERN,15/11/2016,5,Storm in a Teacup / 1C Publishing EU,RUS/ENG/MULTI6,1 GB,638 MB
82,MEKAZOO,15/11/2016,10,The Good Mood Creators,RUS/ENG/MULTI27,7.3 GB,1.9 GB
83,SILENCE: THE WHISPERED WORLD 2 – V1.1.20227,15/11/2016,20,Daedalic Entertainment,RUS/ENG/MULTI12,4.3 GB,from 2.5 GB
84,TRANSPORT FEVER – BUILD 11908,14/11/2016,44,Urban Games / Gambitious Digital Entertainment,RUS/ENG/MULTI7,5 GB,3.7/3.9 GB
85,CALL OF DUTY: INFINITE WARFARE – DIGITAL DELUXE EDITION,14/11/2016,1292,Infinity Ward / Activision,RUS/ENG/MULTI10,94.8 GB,from 37.7 GB
86,YESTERDAY ORIGINS + UPDATE 1,13/11/2016,49,Pendulo Studios / Microids,RUS/ENG/MULTI8,3.2 GB,2.8 GB
87,CANDLE,13/11/2016,21,Teku Studios / Daedalic Entertainment,RUS/ENG/MULTI10,5.3 GB,from 1.9 GB
88,GOD EATER: RESURRECTION,10/11/2016,366,Shift / Bandai Namco,RUS/ENG/MULTI6,14.2 GB,4.7 GB
89,CALL OF DUTY: MODERN WARFARE – REMASTERED + UPDATE 2,09/11/2016,1590,"Raven Software, Infinity Ward, Activision",RUS/ENG/MULTI10,58.1 GB,from 26.4 GB
90,EISENWALD: BLOOD OF NOVEMBER,02/11/2016,1,Aterdux Entertainment,RUS/ENG/MULTI4,1.3 GB,819 MB
91,CARMAGEDDON: MAX DAMAGE – THE U.S. ELECTION NIGHTMARE SPECIAL EDITION,01/11/2016,52,Stainless Games,RUS/ENG/MULTI6,10 GB,5.5 GB
92,PRO EVOLUTION SOCCER 2017 – V1.01.00,31/10/2016,521,Konami Digital Entertainment,RUS/ENG/MULTI17,11.6 GB,from 3.1 GB
93,EMERGENCY 2017,31/10/2016,32,Sixteen Tons Entertainment / Ravenscourt,ENG/MULTI5,7.7 GB,from 3.7 GB
94,FARMING SIMULATOR 17 – V1.2.1 + 5 DLCS + 2 MODS,28/10/2016,166,GIANTS Software / Focus Home Interactive,RUS/ENG/MULTI18,4.2 GB,3.2 GB
95,THROUGH THE WOODS + HOTFIX,28/10/2016,38,Antagonist / 1C Publishing EU,RUS/ENG/MULTI7,5 GB,3.4 GB
96,KING’S QUEST: THE COMPLETE COLLECTION (CHAPTERS 1-5),26/10/2016,67,The Odd Gentlemen / Sierra,ENG/FRA/GER,23.2 GB,from 4 GB
97,QUANTUM BREAK – LIVE SERIES OFFLINE ADD-ON,21/10/2016,186,Remedy Entertainment,RUS/ENG/MULTI10,104.6 GB,from 53.9 GB
98,MASQUERADA: SONGS AND SHADOWS – V1.10 GOG DRM-FREE,20/10/2016,30,Witching Hour Studios / Ysbryd Games,ENG,6.5 GB,5.3 GB
99,CRAZY MACHINES 3,18/10/2016,16,FAKT Software / Daedalic Entertainment,RUS/ENG/MULTI11,2.3 GB,1.6 GB
100,CALL OF DUTY: MODERN WARFARE 2 + 2 DLC,18/10/2016,1118,Infinity Ward / Activision,RUS/ENG/MULTI7,40.6 GB,from 6.6 GB
101,DUKE NUKEM 3D: 20TH ANNIVERSARY WORLD TOUR,12/10/2016,150,"3D Realms, Gearbox Software, Nerve Software",RUS/ENG/MULTI8,1.1 GB,950 MB
102,"DUKE GRABOWSKI, MIGHTY SWASHBUCKLER",11/10/2016,13,Venture Moon Industries / Alliance Digital Media,ENG/GER,3.6 GB,1.3 GB
103,RIDE 2 + 2 DLC,11/10/2016,127,Milestone / PQube,ENG/MULTI6,26.5 GB,15.6 GB
104,SYNDROME V1.03F,11/10/2016,64,Camel 101 / Bigmoon Entertainment,RUS/ENG/MULTI8,3.7 GB,2.2 GB (ENG/RUS) / 2.5 GB (MULTI8)
105,MORTAL KOMBAT XL,06/10/2016,835,"NetherRealm Studios, High Voltage Software, Warner Bros.",RUS/ENG/MULTI8,38.8 GB,from 23 GB
106,MEGATAGMENSION BLANC + NEPTUNE VS ZOMBIES – DELUXE EDITION – V1.01 (UPDATE 1),05/10/2016,33,"Idea Factory, Compile Heart, Tamsoft",ENG/JAP,1.7 GB,from 950 MB
107,MIRROR’S EDGE: CATALYST – V1.0.3.47248 + 2 DLC,05/10/2016,354,DICE / EA,RUS/ENG/MULTI9,23.2 GB,16.7 GB
108,"HYBRID WARS: DELUXE EDITION – WORKING CO-OP, 3 CHARS, BONUS CONTENT",30/09/2016,51,Extreme Developers / Wargaming,RUS/ENG/MULTI6,5.6 GB,from 2.8 GB
109,ALIENS VS. PREDATOR + 2 DLC,29/09/2016,217,Rebellion Developments / Sega,RUS/ENG/MULTI8,18.3 GB,from 4.1 GB
110,EARTHLOCK: FESTIVAL OF MAGIC,27/09/2016,39,SnowCastle Games,ENG,2.4 GB,1.3 GB
111,THE SABOTEUR – GOG DRM-FREE,26/09/2016,122,Pandemic Studios / EA,RUS/ENG/MULTI6,5.5 GB,from 2.3 GB
112,NBA 2K17 + UPDATE 1 [FIXED REPACK],25/09/2016,653,Visual Concepts / 2K Sports,ENG/MULTI8,53.6 GB,from 33.1 GB
113,SPORE COLLECTION – GOG DRM-FREE,25/09/2016,135,Maxis / Electronic Arts,RUS/ENG/MULTI19,4.8 GB,4 GB
114,SORCERER KING: RIVALS,23/09/2016,23,Stardock,ENG,3.4 GB,2.6 GB
115,"MIRROR’S EDGE, GOG DRM-FREE V1.0.1.0",23/09/2016,163,DICE / Electronic Arts,RUS/ENG/MULTI10,5.6 GB,3.7 GB
116,IN FEAR I TRUST: EPISODES 1-4 COLLECTION PACK,22/09/2016,17,"Black Wing Foundation, Turn Me Up Games, 1C",RUS/ENG/FRE,2.8 GB,2.3 GB
117,VIRGINIA,22/09/2016,20,Variable State / 505 Games,RUS/ENG/MULTI13,2 GB,1.1 GB
118,COSSACKS 3 – V1.0.0.46 (UPDATE 3),21/09/2016,96,GSC Game World,RUS/ENG/MULTI7,1.3 GB,706 MB
119,ZENITH,21/09/2016,2,"Infinigon, BadLand Indie",RUS/ENG/MULTI6,2.4 GB,1.8 GB
120,THE BUNKER,21/09/2016,30,"Splendy Interactive, Wales Interactive, Green Man Loaded",ENG,9.9 GB,4.7/4.8 GB
121,MAFIA 2: DIGITAL DELUXE EDITION V.1.0.0.1,19/09/2016,478,2K Czech / 2K Games,RUS/ENG/MULTI8,8 GB,from 4 GB
122,STEINS;GATE – STEAM HD EDITION,16/09/2016,76,"5pb. Games, Nitroplus",ENG/JAP,5.7 GB,from 3.9 GB
123,SPACE ROGUE – V1.45.7805_124240,15/09/2016,24,Red Beat,RUS/ENG/GER,673 MB,323 MB
124,EVENT[0],15/09/2016,46,Ocelot Society,ENG,2.8 GB,1.5 GB
125,MINECRAFT: STORY MODE – COMPLETE SEASON (EPISODES 1-8),15/09/2016,145,Telltale Games,RUS/ENG/MULTI7,5.6 GB,3.1 GB
126,DEAD RISING + ALL DLCS + HOTFIX,14/09/2016,166,Capcom Production Studio 1 / Capcom,RUS/ENG/MULTI7,6.2 GB,2.3 GB
127,EMBER,11/09/2016,30,N-Fusion Interactive / 505 Games,ENG,4.5 GB,2.7 GB
128,LIVELOCK – V25031,09/09/2016,24,Tuque Games / Perfect World,RUS/ENG/MULTI4,9.7 GB,from 4.4 GB
129,HOW TO SURVIVE 2 + 3 DLC,09/09/2016,46,Eko Software / 505 Games,RUS/ENG/MULTI12,2.9 GB,1.7 GB
130,GRID AUTOSPORT – COMPLETE – V1.0.103.1840 + ALL DLCS,05/09/2016,202,Codemasters,RUS/ENG/MULTI9,13.6 GB,from 5.6 GB
131,MOTHER RUSSIA BLEEDS,05/09/2016,26,RUS/ENG/MULTI7,1.7 GB,1.7 GB,637 MB
132,KANE & LYNCH 2: DOG DAYS – COMPLETE,05/09/2016,89,IO Interactive / Square Enix,RUS/ENG/MULTI7,7.7 GB,from 3 GB
133,REDOUT,04/09/2016,47,34BigThings,RUS/ENG/MULTI7,5.5 GB,3.05 GB
134,FARM EXPERT 2017 – V1.106 PROPER,03/09/2016,52,Silden / PlayWay,ENG/MULTI8,5.8 GB,3.4 GB
135,SEASONS AFTER FALL,02/09/2016,41,Swing Swing Submarine / Focus Home Interactive,ENG/MULTI5,1.4 GB,1.07 GB
136,ASSAULT SUIT LEYNOS,02/09/2016,6,Dracue Software / Rising Star Games,ENG/MULTI6,3.3 GB,1.3 GB
137,ONE PIECE: BURNING BLOOD – GOLD EDITION (ALL DLCS),02/09/2016,161,Spike Chunsoft / Bandai Namco,RUS/ENG/MULTI10,9.4 GB,from 6.1 GB
138,OBDUCTION + UPDATE 1 (HOT FIX),01/09/2016,29,Cyan,RUS/ENG/MULTI7,10.8 GB,4.4 GB
139,THE TURING TEST: COLLECTOR’S EDITION,31/08/2016,64,Bulkhead Interactive / Square Enix,ENG,5.8 GB,from 2.76 GB
140,MUGEN SOULS Z + 12 DLC,29/08/2016,33,Compile Heart / Ghostlight,ENG/JAP,4.1 GB,2.7 GB
141,ATTACK ON TITAN / A.O.T.: WINGS OF FREEDOM + ALL DLCS,27/08/2016,399,Omega Force / Koei Tecmo,ENG/MULTI3,11.3 GB,from 5.4 GB
142,"WARHAMMER 40,000: SPACE MARINE COLLECTION – V1.0.165 + ALL DLCS",25/08/2016,155,Relic / SEGA,RUS/ENG/MULTI9,8.8 GB,2.1 GB
143,INSIDE + PROPER CPY CRACK,23/08/2016,174,Playdead,RUS/ENG/MULTI14,2.3 GB,939 MB
144,CONCEPTION II: CHILDREN OF THE SEVEN STARS,17/08/2016,57,Spike Chunsoft,ENG/JAP,4.4 GB,from 1.17 GB
145,PHANTARUK,16/08/2016,26,Polyslash,RUS/ENG/MULTI4,3 GB,1.55 GB
146,GROW UP,16/08/2016,28,Ubisoft Reflections / Ubisoft Entertainment,RUS/ENG/MULTI6,552 MB,329 MB
147,RAY GIGANT,16/08/2016,12,Experience / acttil,ENG/JAP,3.3 GB,1.6 GB
148,PRO PINBALL: TIMESHOCK! – THE ULTRA EDITION,15/08/2016,38,Barnstorm Games,ENG,52 GB,147 GB unpacked (!!!)
149,8-BIT HORDES: COMPLETE EDITION – BUILD 618157,14/08/2016,48,Petroglyph Games,RUS/ENG/MULTI6,779 MB,430 MB
150,XBLAZE LOST: MEMORIES,12/08/2016,6,ENG/JAP,5.7 GB,5.7 GB,2.5 GB
151,SNIPER BLACKLIST,12/08/2016,25,ENG,9.8 GB,9.8 GB,5.3 GB
152,MERIDIAN: SQUAD 22 + HOTFIX 2,12/08/2016,14,ENG/HUN,3.3 GB,3.3 GB,1.9 GB
153,EISENHORN: XENOS,12/08/2016,9,ENG,7.4 GB,7.4 GB,5.4 GB
154,"MEGADIMENSION NEPTUNIA VII + UPDATE 2 + 14 DLC, FIXED",04/08/2016,132,ENG/JAP,13.3 GB,13.3 GB,from 4.4 GB
155,ODDWORLD: MUNCH’S ODDYSEE HD + UPDATE 14,03/08/2016,12,ENG,1.63 GB,1.63 GB,1.22 GB
156,LAYERS OF FEAR V1.1.0 + INHERITANCE DLC,02/08/2016,29,RUS/ENG/MULTI11,2.5 GB,2.5 GB,1.4 GB
157,THIS IS THE POLICE V1.0.24,02/08/2016,8,RUS/ENG/GER,1.34 GB,1.34 GB,973 MB
158,DANGEROUS GOLF V1.02,31/07/2016,18,ENG/MULTI5,8 GB,8 GB,5.4 GB
159,BLADE ARCUS FROM SHINING: BATTLE ARENA,31/07/2016,14,ENG/JAP,2.1 GB,2.1 GB,1.3 GB
160,I AM WEAPON: REVIVAL,31/07/2016,3,RUS/ENG/MULTI4,2.79 GB,2.79 GB,1.88 GB
161,STEAM SQUAD,30/07/2016,2,RUS/ENG,1.3 GB,1.3 GB,861 MB
162,MARVEL: ULTIMATE ALLIANCE BUNDLE – 1 + 2,30/07/2016,129,ENG/ITA,10 GB,10 GB,7.4 GB
163,HEADLANDER,30/07/2016,6,RUS/ENG/MULTI6,3 GB,3 GB,1.9 GB
164,DRAGON AGE: ORIGINS – ULTIMATE EDITION – GOG VERSION,29/07/2016,283,RUS/ENG/MULTI9,22.1 GB,22.1 GB,from 8.7 GB
165,THE ASSEMBLY + VR DLC,29/07/2016,5,ENG/GER/FRE,3.7 GB,3.7 GB,2.6 GB
166,EARTH DEFENSE FORCE 4.1: THE SHADOW OF NEW DESPAIR,29/07/2016,21,ENG/JAP,6.6 GB,6.6 GB,from 3 GB
167,GHOSTBUSTERS + DLC,29/07/2016,14,ENG/MULTI5,3.7 GB,3.7 GB,2.2 GB
168,GAS GUZZLERS EXTREME: GOLD PACK V1.8.0.0 + 2 DLCS,29/07/2016,15,RUS/ENG/MULTI11,6.1 GB,6.1 GB,5.1 GB
169,LEGO MARVEL’S AVENGERS V1.0.0.28133 + 11 DLC,29/07/2016,74,RUS/ENG/MULTI12,14.4 GB,14.4 GB,from 5.7 GB
170,RUGBY CHALLENGE 3,29/07/2016,16,ENG/MULTI4,5.4 GB,5.4 GB,from 2.2 GB
171,ROMANCE OF THE THREE KINGDOMS 13 + 40 DLC,29/07/2016,42,ENG/MULTI4,6.9 GB,6.9 GB,from 3.2 GB
172,DEAD BY DAYLIGHT V1.0.2 HOTFIX 2,29/07/2016,69,ENG,7.6 GB,7.6 GB,2.5 GB
173,ZERO ESCAPE: ZERO TIME DILEMMA,29/07/2016,6,ENG/JAP,2 GB,2 GB,from 698 MB
174,THE TECHNOMANCER,29/07/2016,9,ENG/MULTI6,8.7 GB,8.7 GB,from 5.7 GB
175,BATTLEFLEET GOTHIC: ARMADA V1.5.8536 + SPACE MARINES DLC,29/07/2016,17,ENG,10.9 GB,10.9 GB,3.9 GB
176,MORDHEIM: CITY OF THE DAMNED V1.3.4.2 + 5 DLC,28/07/2016,11,RUS/ENG/MULTI7,9.5 GB,9.5 GB,3/3.1 GB
177,35MM V1.1,28/07/2016,15,RUS/ENG,2 GB,2 GB,1.1 GB
178,MIGHTY NO. 9 + 4 DLC,28/07/2016,4,RUS/ENG/MULTI11,1.7 GB,1.7 GB,856 MB
179,DEADLIGHT: DIRECTOR’S CUT,28/07/2016,10,ENG/MULTI5,4.2 GB,4.2 GB,from 2.1 GB
180,DEATHTRAP V1.0.6,28/07/2016,2,RUS/ENG/MULTI10,4.1 GB,4.1 GB,1.6 GB
181,PRO CYCLING MANAGER SEASON 2016,28/07/2016,1,ENG/MULTI10,6.2 GB,6.2 GB,from 3.2 GB
182,VALENTINO ROSSI: THE GAME,28/07/2016,25,ENG/MULTI6,16.8 GB,16.8 GB,8.2/8.3 GB
183,THE WITCHER 3: WILD HUNT – PATCH FROM V1.21 TO V1.22,28/07/2016,46,RUS/ENG/MULTI14,2.7 GB,2.7 GB,327 MB
184,TRIALS OF THE BLOOD DRAGON,28/07/2016,23,RUS/ENG/MULTI10,15.3 GB,15.3 GB,11 GB
185,HOMEWORLD REMASTERED COLLECTION V2.1,28/07/2016,42,RUS/ENG/MULTI6,6.9 GB,6.9 GB,4.3 GB
186,PRO EVOLUTION SOCCER 2016 V1.05 + DATA PACK 4.0,28/07/2016,95,RUS/ENG/MULTI17,12 GB,12 GB,3.3~3.6 GB
187,DUCATI: 90TH ANNIVERSARY,28/07/2016,5,ENG/MULTI7,9.5 GB,9.5 GB,5.7 GB
188,TRON RUN/R: ULTIMATE EDITION + 5 DLC,28/07/2016,27,ENG/MULTI6,10.2 GB,10.2 GB,6.5 GB
189,INVESTIGATOR,28/07/2016,5,RUS/ENG,4.8 GB,4.8 GB,3.4 GB
190,THE SOLUS PROJECT,28/07/2016,4,RUS/ENG/MULTI10,3.7 GB,3.7 GB,2.8 GB
191,STRANGER OF SWORD CITY,28/07/2016,15,ENG/JAP,3.5 GB,3.5 GB,940 MB
192,ARCANIA: GOLD EDITION,28/07/2016,19,RUS/ENG/MULTI9,15.7 GB,15.7 GB,3.3 GB
193,ONECHANBARA Z2: CHAOS,28/07/2016,19,ENG/JAP,4.25 GB,4.25 GB,from 1.45 GB
194,HARD RESET: REDUX,27/07/2016,14,RUS/ENG/MULTI5,5.3 GB,5.3 GB,from 2.6 GB
195,ANIMA: GATE OF MEMORIES V1.01,27/07/2016,9,RUS/ENG/MULTI3,5.7 GB,5.7 GB,3.3 GB
196,DOVETAIL GAMES FLIGHT SCHOOL,27/07/2016,10,ENG/MULTI3,11.7 GB,11.7 GB,8.3 GB
197,SENRAN KAGURA SHINOVI VERSUS,27/07/2016,15,ENG/JAP,3 GB,3 GB,1.9 GB
198,DEAD ISLAND: DEFINITIVE COLLECTION,27/07/2016,210,RUS/ENG/MULTI8,16.4 GB,16.4 GB,from 7.8 GB
199,MICROSOFT FLIGHT SIMULATOR X: STEAM EDITION V10.0.62615.0,27/07/2016,381,ENG,15.8 GB,15.8 GB,7.6 GB
200,LOST PLANET 3: COMPLETE,27/07/2016,29,RUS/ENG/MULTI9,22.6 GB,22.6 GB,from 8.7 GB
201,TABLE TOP RACING: WORLD TOUR + UPDATE 1 + DLC,27/07/2016,5,RUS/ENG/MULTI15,2.3 GB,2.3 GB,1.6 GB
202,TEENAGE MUTANT NINJA TURTLES: MUTANTS IN MANHATTAN,27/07/2016,23,ENG/MULTI5,5.9 GB,5.9 GB,4.6 GB
203,ACT OF AGGRESSION: REBOOT EDITION,27/07/2016,19,ENG/MULTI5,13.1 GB,13.1 GB,6.8 GB
204,SWORD COAST LEGENDS + RAGE OF DEMONS DLC + UPDATE 10,27/07/2016,5,RUS/ENG/MULTI6,8.3 GB,8.3 GB,3.2 GB
205,SHADWEN,27/07/2016,2,ENG/MULTI5,4.6 GB,4.6 GB,3.8 GB
206,TRANSOCEAN 2: RIVALS,27/07/2016,3,RUS/ENG/MULTI12,3.7 GB,3.7 GB,876 MB
207,TALE OF WUXIA + DLC + UPDATE 3,27/07/2016,15,ENG/MULTI3,13.6 GB,13.6 GB,2.7 GB
208,N.E.R.O.: NOTHING EVER REMAINS OBSCURE,27/07/2016,4,RUS/ENG/MULTI11,5.9 GB,5.9 GB,4.1 GB
209,QUANTUM BREAK – PATCH FROM V1.6.0.0 TO V1.7.0.0,26/07/2016,39,RUS/ENG/MULTI10,24.8 GB,24.8 GB,337 MB
210,"WALKING DEAD: MICHONNE – COMPLETE SEASON, EP. 1-3",26/07/2016,41,RUS/ENG/MULTI7,5.2 GB,5.2 GB,2.3 GB
211,ORI AND THE BLIND FOREST: DEFINITIVE EDITION,26/07/2016,58,RUS/ENG/MULTI8,5.4 GB,5.4 GB,from 2.3 GB
212,KING’S BOUNTY: ULTIMATE EDITION,26/07/2016,46,RUS/ENG/MULTI7,12.7 GB,12.7 GB,from 4.2 GB
213,BRIDGE! 2: THE CONSTRUCTION GAME,26/07/2016,8,ENG/GER,1.1 GB,1.1 GB,461 MB
214,ROGUE STORMERS,25/07/2016,3,RUS/ENG/MULTI7,4.2 GB,4.2 GB,1.1 GB
215,P·O·L·L·E·N,25/07/2016,2,RUS/ENG/MULTI8,4 GB,4 GB,2.1 GB
216,DANGANRONPA 2: GOODBYE DESPAIR,25/07/2016,18,ENG/JAP,3.5 GB,3.5 GB,2.3 GB
217,EVERYBODY’S GONE TO THE RAPTURE,25/07/2016,13,RUS/ENG/MULTI17,6.3 GB,6.3 GB,from 3.6 GB
218,FINAL FANTASY IX,25/07/2016,90,ENG/MULTI5,4.2 GB,4.2 GB,3.2 GB
219,WASTELAND 2: DIRECTOR’S CUT + UPDATE 6,25/07/2016,24,RUS/ENG/MULTI7,6.7 GB,6.7 GB,5 GB
220,MXGP2: THE OFFICIAL MOTOCROSS VIDEOGAME + 2 DLC,25/07/2016,28,ENG/MULTI6,13.6 GB,13.6 GB,from 4.7 GB
221,DEAD RISING 3: APOCALYPSE EDITION UPDATE 6/7 + 4 DLC,25/07/2016,124,RUS/ENG/MULTI11,33 GB,33 GB,12.3 GB
222,RADIAL-G: RACING REVOLVED,25/07/2016,3,ENG,1.9 GB,1.9 GB,1 GB
223,DON’T STARVE ALONE PACK V171894 + 2 DLC,25/07/2016,40,RUS/ENG,788 MB,788 MB,391 MB
224,SUPERHOT + UPDATE 3,25/07/2016,21,RUS/ENG/MULTI10,1 GB,1 GB,748 MB
225,BALDUR’S GATE: ENHANCED EDITION – SIEGE OF DRAGONSPEAR,25/07/2016,38,RUS/ENG/MULTI14,3.9 GB,3.9 GB,from 2.4 GB
226,ADAM’S VENTURE: ORIGINS – SPECIAL EDITION,25/07/2016,6,RUS/ENG/MULTI12,3.1 GB,3.1 GB,1.9 GB
227,GUILTY GEAR 2: OVERTURE,25/07/2016,2,ENG/MULTI6,1.5 GB,1.5 GB,975 MB
228,ASHES OF THE SINGULARITY,25/07/2016,10,ENG/GER,6.8 GB,6.8 GB,2.9/3 GB
229,CRYSTAL RIFT,25/07/2016,2,ENG,4 GB,4 GB,586 MB
230,NIGHTCRY,25/07/2016,8,ENG/JAP,4.1 GB,4.1 GB,2.5 GB
231,FORCED: SHOWDOWN,24/07/2016,4,ENG,2.6 GB,2.6 GB,866 MB
232,SEXY BEACH PREMIUM RESORT V1.11 + 14 DLC,24/07/2016,70,RUS/ENG,15.4 GB,15.4 GB,3.6 GB
233,DREADOUT: KEEPERS OF THE DARK,24/07/2016,5,ENG,3 GB,3 GB,1.5 GB
234,TRACKMANIA TURBO,24/07/2016,18,RUS/ENG/MULTI11,3.4 GB,3.4 GB,2.5 GB
235,THE DESCENDANT: EPISODE ONE,24/07/2016,1,ENG,3.6 GB,3.6 GB,1.4 GB
236,THE DESCENDANT: EPISODE ONE,24/07/2016,1,ENG,3.6 GB,3.6 GB,1.4 GB
237,WAY OF THE SAMURAI 3 + 3 DLC,24/07/2016,12,ENG/MULTI3,1.8 GB,1.8 GB,864 MB
238,PROFESSIONAL FARMER 2017,24/07/2016,2,ENG/MULTI8,1.9 GB,1.9 GB,1.1 GB
239,DAY OF THE TENTACLE REMASTERED,24/07/2016,8,ENG/MULTI5,2.16 GB,2.16 GB,1.66 GB
240,HYPERDIMENSION NEPTUNIA U: ACTION UNLEASHED,24/07/2016,7,ENG/JAP,1.9 GB,1.9 GB,1~1.5 GB
241,CONGO,24/07/2016,8,ENG,1.7 GB,1.7 GB,899 MB
242,SKYSHINE’S BEDLAM REDUX,24/07/2016,2,ENG,2.3 GB,2.3 GB,1.3 GB
243,RYSE: SON OF ROME – LEGENDARY EDITION,24/07/2016,243,RUS/ENG/MULTI6,25.9 GB,25.9 GB,16.6/16.7 GB
244,WWE 2K16 + ALL DLCS,24/07/2016,245,ENG/MULTI6,40.8 GB,40.8 GB,from 13.7 GB
245,ALEKHINE’S GUN,24/07/2016,5,RUS/ENG/MULTI7,4.64 GB,4.64 GB,3.33 GB
246,TRINE 3: THE ARTIFACTS OF POWER V1.11,24/07/2016,9,RUS/ENG/MULTI14,3.7 GB,3.7 GB,from 2.8 GB
247,CHASING DEAD,24/07/2016,6,RUS/ENG/MULTI6,6.7 GB,6.7 GB,2.3 GB
248,HARD WEST: SCARS OF FREEDOM,24/07/2016,5,RUS/ENG/MULTI5,7 GB,7 GB,2.2 GB
249,BLAZBLUE: CHRONOPHANTASMA EXTEND,24/07/2016,15,ENG/MULTI5,9.4 GB,9.4 GB,from 5.2 GB
250,XBLAZE CODE: EMBRYO,24/07/2016,3,ENG/JAP,3.6 GB,3.6 GB,1.7 GB
251,XUAN-YUAN SWORD: THE GATE OF FIRMAMENT,24/07/2016,14,ENG/MULTI4,24.1 GB,24.1 GB,from 5.8 GB
252,WE ARE THE DWARVES,23/07/2016,2,RUS/ENG/MULTI20,2.2 GB,2.2 GB,1.4 GB
253,ELDER SCROLLS 5: SKYRIM – LEGENDARY EDITION,23/07/2016,853,RUS/ENG/MULTI8,23.9 GB,23.9 GB,from 4.2 GB
254,HITMAN GO: DEFINITIVE EDITION,23/07/2016,22,ENG/MULTI6,1.2 GB,1.2 GB,292 MB
255,TALES OF ZESTIRIA V1.4 + DLCS,23/07/2016,87,RUS/ENG/MULTI7,11.8 GB,11.8 GB,9.3/9.6 GB
256,RED COMRADES SAVE THE GALAXY: RELOADED,23/07/2016,0,RUS/ENG,4.25 GB,4.25 GB,377 MB
257,DANGANRONPA: TRIGGER HAPPY HAVOC – LIMITED EDITION,23/07/2016,19,ENG/JAP,2.6 GB,2.6 GB,1.4/1.5 GB
258,ARSLAN: THE WARRIORS OF LEGEND,23/07/2016,26,ENG/JAP,10.2 GB,10.2 GB,from 2.2 GB
259,ZHEROS,23/07/2016,1,ENG,2.1 GB,2.1 GB,1 GB
260,TALES OF SYMPHONIA + UPDATE 3,23/07/2016,49,RUS/ENG/MULTI6,5 GB,5 GB,3.3/3.8 GB
261,FIREWATCH + UPDATE 3,23/07/2016,65,RUS/ENG,1.97 GB,1.97 GB,1.15 GB
262,SEBASTIEN LOEB RALLY EVO + 2 DLC,23/07/2016,11,ENG/MULTI10,26.8 GB,26.8 GB,from 13.4 GB
263,FOOTBALL MANAGER 2016 V16.2.0,22/07/2016,42,RUS/ENG/MULTI16,4.8 GB,4.8 GB,1 GB
264,BOMBSHELL,22/07/2016,6,ENG,8.2 GB,8.2 GB,6.3 GB
265,THE WITNESS,22/07/2016,39,RUS/ENG/MULTI14,3.6 GB,3.6 GB,3.3 GB
266,LEGO JURASSIC WORLD + UPDATE 1 + ALL DLCS,22/07/2016,20,RUS/ENG/MULTI10,20.7 GB,20.7 GB,4.7/4.8 GB
267,HOMEWORLD: DESERTS OF KHARAK,22/07/2016,9,RUS/ENG/MULTI6,8.3 GB,8.3 GB,3.1 GB
268,RESIDENT EVIL ZERO: HD REMASTER + 5/10 DLC,22/07/2016,90,RUS/ENG/MULTI6,10.3 GB,10.3 GB,4.5~5.5 GB
269,A BOY AND HIS BLOB,22/07/2016,13,RUS/ENG/MULTI7,576 MB,576 MB,256 MB
270,THE DEADLY TOWER OF MONSTERS,22/07/2016,0,RUS/ENG/MULTI7,1.2 GB,1.2 GB,641 MB
271,GEMINI: HEROES REBORN,22/07/2016,0,RUS/ENG/MULTI10,7.84 GB,7.84 GB,5.46 GB
272,DRAGON’S DOGMA: DARK ARISEN,22/07/2016,283,ENG/MULTI6,11.6 GB,11.6 GB,5.6 GB
273,WATCH DOGS V1.06.329 + ALL DLCS,22/07/2016,1835,RUS/ENG/MULTI16,26.8 GB,26.8 GB,12.2/12.3 GB
274,NEOGEO 25TH ANNIVERSARY BUNDLE,22/07/2016,11,ENG,3.3 GB,3.3 GB,1 GB
275,CARMAGEDDON: REINCARNATION V1.2.0.7673,22/07/2016,6,RUS/ENG/MULTI6,18.7 GB,18.7 GB,5.7 GB
276,LIGHTNING RETURNS: FINAL FANTASY XIII,22/07/2016,99,RUS/ENG/MULTI6,19.2 GB,19.2 GB,7.6/11.7 GB
277,GUILTY GEAR XRD -SIGN-,22/07/2016,11,ENG/MULTI5,10 GB,10 GB,3~6.1 GB
278,ZOMBIE VIKINGS,22/07/2016,1,RUS/ENG/MULTI7,2.22 GB,2.22 GB,1.07 GB
279,SHADOW COMPLEX REMASTERED,21/07/2016,9,RUS/ENG/MULTI10,1.3 GB,1.3 GB,765 MB
280,DRAGON QUEST HEROES: SLIME EDITION,21/07/2016,29,ENG/MULTI7,19.6 GB,19.6 GB,6.4~16.8 GB
281,THE INCREDIBLE ADVENTURES OF VAN HELSING: FINAL CUT – V1.0.4,21/07/2016,28,RUS/ENG/MULTI9,27.7 GB,27.7 GB,8.9/9.1 GB
282,STARCRAFT 2: THE TRILOGY,21/07/2016,445,RUS/ENG,19.5/24.6 GB,19.5/24.6 GB,15/18.2 GB
283,SAINT SEIYA: SOLDIERS’ SOUL,21/07/2016,12,ENG/MULTI7,3.83 GB,3.83 GB,1.47~2.55 GB
284,VENDETTA: CURSE OF RAVEN’S CRY + UPDATE 2,21/07/2016,20,ENG/GER,17.5 GB,17.5 GB,from 7.16 GB
285,GAME OF THRONES: A TELLTALE GAMES SERIES – EPISODES 1-6,21/07/2016,32,ENG,12.6 GB,12.6 GB,4.9 GB
286,HARD WEST,21/07/2016,6,RUS/ENG/MULTI5,6.7 GB,6.7 GB,2.08/2.17 GB
287,DARKSIDERS 2: DEATHINITIVE EDITION + UPDATE 2,21/07/2016,116,RUS/ENG/MULTI9,14.4 GB,14.4 GB,7.4/7.5 GB
288,SONIC: LOST WORLD,21/07/2016,23,ENG/MULTI6,7.2 GB,7.2 GB,1.3/3.8 GB
289,ANNO 2205: GOLD EDITION,21/07/2016,81,RUS/ENG/MULTI6,13.6 GB,13.6 GB,7.4~8.2 GB
290,DIVINITY: ORIGINAL SIN – ENHANCED EDITION,21/07/2016,61,RUS/ENG/MULTI6,9.3 GB,9.3 GB,8.4 GB
291,THE PARK,21/07/2016,2,ENG,2.8 GB,2.8 GB,2 GB
292,WARHAMMER: END TIMES – VERMINTIDE,21/07/2016,51,RUS/ENG/MULTI5,21.7 GB,21.7 GB,4 GB
293,MUGEN SOULS,21/07/2016,4,ENG,3.6 GB,3.6 GB,2/2.2 GB
294,TRAIN SIMULATOR 2016: STEAM EDITION V53.9B,21/07/2016,26,RUS/ENG/MULTI7,6.3 GB,6.3 GB,3 GB
295,LIFE IS STRANGE: COMPLETE SEASON 1 (EPISODES 1-5),21/07/2016,248,ENG/FRA,10.6 GB,10.6 GB,7.7 GB
296,OVERLORD: FELLOWSHIP OF EVIL,21/07/2016,4,ENG/MULTI5,2.5 GB,2.5 GB,1.3 GB
297,"WARHAMMER 40,000: DEATHWATCH – ENHANCED EDITION",20/07/2016,3,RUS/ENG/MULTI6,2.8 GB,2.8 GB,1.5 GB
298,EMERGENCY 2016,20/07/2016,1,ENG,6.5 GB,6.5 GB,3.4~5 GB
299,WRC 5 FIA WORLD RALLY CHAMPIONSHIP V1.0.2,20/07/2016,11,RUS/ENG/MULTI8,17.1 GB,17.1 GB,5.1 GB
300,SID MEIER’S CIVILIZATION: BEYOND EARTH + 2 DLC,20/07/2016,66,RUS/ENG/MULTI11,5.6 GB,5.6 GB,2.2~2.9 GB
301,TRANSFORMERS: DEVASTATION,20/07/2016,45,ENG/MULTI5,6.4 GB,6.4 GB,5.2 GB
302,TRANSFORMERS: DEVASTATION,20/07/2016,45,ENG/MULTI5,6.4 GB,6.4 GB,5.2 GB
303,NBA 2K16 + UPDATE 1,20/07/2016,186,ENG/MULTI8,39 GB,39 GB,27.4/30.2 GB
304,ARCANA HEART 3: LOVE MAX!!!!!,20/07/2016,7,ENG/JAP,5.06 GB,5.06 GB,2.36 GB
305,NEVERMIND,20/07/2016,2,RUS/ENG/MULTI11,5.21 GB,5.21 GB,1.49 GB
306,SAMURAI WARRIORS 4-II,20/07/2016,23,ENG,8.5 GB,8.5 GB,5~5.5 GB
307,ARMIKROG,20/07/2016,2,RUS/ENG/MULTI7,1.2 GB,1.2 GB,891 MB
308,JOTUN,20/07/2016,11,RUS/ENG/MULTI9,3.09 GB,3.09 GB,1.67 GB
309,FINAL FANTASY V,20/07/2016,6,RUS/ENG/MULTI7,964 MB,964 MB,465 MB
310,WORLD IN CONFLICT: COMPLETE EDITION,20/07/2016,14,RUS/ENG,7.3 GB,7.3 GB,4.3/4.7 GB
311,AFRO SAMURAI 2: REVENGE OF KUMA – VOLUME 1,20/07/2016,22,ENG,1.7 GB,1.7 GB,1.1 GB
312,RIDE + 4 DLC + UPDATE 2,20/07/2016,15,RUS/ENG/MULTI10,18.3 GB,18.3 GB,8.4 GB
313,SOLAR SHIFTER EX,20/07/2016,3,ENG,2.2 GB,2.2 GB,764 MB
314,INCELL / INCELL VR,20/07/2016,1,ENG,1.2 GB,1.2 GB,292 MB
315,TINERTIA,20/07/2016,1,ENG/MULTI5,1.2 GB,1.2 GB,841 MB
316,LUMINI,20/07/2016,0,RUS/ENG/MULTI9,1.4 GB,1.4 GB,535 MB
317,CAR MECHANIC SIMULATOR 2015: GOLD EDITION V1.0.5.6 + 4 DLCS,19/07/2016,25,RUS/ENG/MULTI12,1.4 GB,1.4 GB,864 MB
318,ONE PIECE PIRATE WARRIORS 3: GOLD EDITION + ALL DLCS,19/07/2016,52,ENG/MULTI5,11.2 GB,11.2 GB,8 GB
319,SATELLITE REIGN V1.02,19/07/2016,0,ENG,779 MB,779 MB,421 MB
320,CROOKZ: THE BIG HEIST,19/07/2016,2,RUS/ENG/MULTI7,3.3 GB,3.3 GB,2.4 GB
321,GRANDIA 2: ANNIVERSARY EDITION,19/07/2016,5,ENG,1.6 GB,1.6 GB,1 GB
322,RISEN 3: TITAN LORDS – ENHANCED EDITION,19/07/2016,31,RUS/ENG/MULTI6,9.6 GB,9.6 GB,3.9/5.4 GB
323,SHADOWRUN: HONG KONG,19/07/2016,3,ENG,2.9 GB,2.9 GB,1.9 GB
324,BATTLEFIELD: HARDLINE,19/07/2016,274,RUS/ENG/MULTI6,48.4 GB,48.4 GB,23.3 GB
325,SPACE HULK: ASCENSION EDITION – ULTIMATE PACK,19/07/2016,7,ENG,8.7 GB,8.7 GB,1.6 GB
326,FINAL FANTASY TYPE-0 HD,19/07/2016,118,ENG/MULTI9,23 GB,23 GB,13.3/14.7 GB
327,PRO CYCLING MANAGER 2015,19/07/2016,1,ENG/MULTI10,6.9 GB,6.9 GB,4~4.3 GB
328,TEST DRIVE UNLIMITED 2: COMPLETE EDITION,19/07/2016,270,RUS/ENG/MULTI6,7.14 GB,7.14 GB,5.49 GB
329,COSMONAUTICA: A SPACE TRADING ADVENTURE,19/07/2016,1,RUS/ENG/MULTI5,662 MB,662 MB,215/374 MB
330,BATMAN: ARKHAM KNIGHT,19/07/2016,158,RUS/ENG/MULTI7,50.2 GB,50.2 GB,25.3~27 GB
331,KYN,19/07/2016,1,ENG/GER,3.8 GB,3.8 GB,2.9 GB
332,KYN,19/07/2016,1,ENG/GER,3.8 GB,3.8 GB,2.9 GB
333,MOUNT & BLADE: WARBAND – VIKING CONQUEST – REFORGED EDITION,19/07/2016,81,RUS/ENG/MULTI11,2.7 GB,2.7 GB,1.7 GB
334,ALIEN: ISOLATION V1.0/UPDATE 9 + ALL DLCS,19/07/2016,203,RUS/ENG/MULTI9,30 GB,30 GB,9 GB
335,THE BANNER SAGA V2.18.08 + 2 DLC,19/07/2016,30,RUS/ENG/MULTI8,4.4 GB,4.4 GB,1.5~2.2 GB
336,TEMBO THE BADASS ELEPHANT,19/07/2016,2,ENG/MULTI5,754 MB,754 MB,332 MB
337,WAY OF THE SAMURAI 4,18/07/2016,17,ENG/JAP,4.26 GB,4.26 GB,1.96 GB
338,THE MAGIC CIRCLE INC. UPDATE 4,18/07/2016,4,ENG/MULTI5,1 GB,1 GB,665 MB
339,BLUES & BULLETS: EPISODE 1,18/07/2016,1,ENG/MULTI5,2.84 GB,2.84 GB,1.63 GB
340,TRIALS FUSION: THE AWESOME MAX EDITION,18/07/2016,37,RUS/ENG/MULTI10,10.4 GB,10.4 GB,7.2 GB
341,BREACH & CLEAR: DEADLINE,18/07/2016,2,RUS/ENG/MULTI5,1.8 GB,1.8 GB,1.1 GB
342,SORCERER KING,18/07/2016,4,ENG,3.4 GB,3.4 GB,2.5 GB
343,DGU,18/07/2016,1,RUS/ENG/MULTI8,13.9 GB,13.9 GB,3.3 GB
344,WORMS WORLD PARTY REMASTERED,18/07/2016,11,ENG/MULTI8,584 MB,584 MB,334 MB
345,CRUSADER KINGS 2: HORSE LORDS V2.4.1 + 57 DLCS,18/07/2016,79,RUS/ENG/MULTI5,956 MB,956 MB,593/749 MB
346,SERIOUS SAM 3: BFE V233089 + JEWEL OF THE NILE DLC,18/07/2016,117,RUS/ENG/MULTI9,5.14 GB,5.14 GB,3.33 GB
347,BROKEN AGE: THE COMPLETE ADVENTURE,18/07/2016,14,RUS/ENG/MULTI6,2 GB,2 GB,1.5 GB
348,F1 2015 + UPDATE 2,18/07/2016,26,RUS/ENG/MULTI9,15 GB,15 GB,7.15 GB
349,NOTGTAV,18/07/2016,14,ENG,159 MB,159 MB,107 MB
350,TROPICO 4: COLLECTOR’S BUNDLE,18/07/2016,7,RUS/ENG/MULTI8,5 GB,5 GB,3 GB
351,BATTLE FANTASIA -REVISED EDITION-,18/07/2016,5,ENG/MULTI6,2.3 GB,2.3 GB,1.3/1.5 GB
352,LEGEND OF GRIMROCK 2 V2.24 + BONUS STUFF,18/07/2016,4,RUS/ENG,1.5 GB,1.5 GB,826 MB
353,LEGENDS OF EISENWALD V 1.003,18/07/2016,7,RUS/ENG/MULTI6,1.07 GB,1.07 GB,665 MB
354,DEAD RISING 2: COMPLETE PACK,18/07/2016,159,RUS/ENG/MULTI7,10.5 GB,10.5 GB,5.3/5.8 GB
355,THE BATTLE OF SOL,18/07/2016,4,ENG,4.1 GB,4.1 GB,2.3 GB
356,HOW TO SURVIVE: THIRD PERSON STANDALONE + UPDATE 1,18/07/2016,5,RUS/ENG/MULTI7,3.69 GB,3.69 GB,1.14 GB
357,BATMAN: ARKHAM ORIGINS – THE *REALLY* COMPLETE EDITION,18/07/2016,622,RUS/ENG/MULTI10,28 GB,28 GB,9.7 GB
358,TOUKIDEN KIWAMI V1.0.1,18/07/2016,27,ENG/JAP,12 GB,12 GB,6.82/7.23 GB
359,DEVIL MAY CRY 4: SPECIAL EDITION,17/07/2016,330,ENG/MULTI6,20 GB,20 GB,4.7 GB
360,SHADOW WARRIOR: SPECIAL EDITION V1.5.0,17/07/2016,39,RUS/ENG/MULTI11,13.8 GB,13.8 GB,5.4/5.6 GB
361,ROLLING SUN,16/07/2016,0,ENG,841 MB,841 MB,470 MB
362,ALONE IN THE DARK: ILLUMINATION,16/07/2016,5,ENG/MULTI5,7.6 GB,7.6 GB,5 GB
363,MONSTER JAM: BATTLEGROUNDS,16/07/2016,1,ENG/MULTI5,666 MB,666 MB,342 MB
364,SWORD OF THE STARS: THE PIT – NECROMANCER V1.5.5 S + ALL DLCS,16/07/2016,1,ENG,"1,7 GB","1,7 GB",864 MB
365,KHOLAT,16/07/2016,10,RUS/ENG/MULTI9,"3,3 GB","3,3 GB","2,4 GB"
366,D4: DARK DREAMS DON’T DIE,16/07/2016,5,ENG/MULTI7,"5,5 GB","5,5 GB","3,4 GB"
367,WWE 2K15 + ALL DLCS,16/07/2016,148,ENG/MULTI5,"30,4 GB","30,4 GB","19,9 GB"
368,THIEF: COMPLETE EDITION,16/07/2016,128,RUS/ENG/MULTI8,"22,2 GB","22,2 GB","13,3 GB"
369,MASSIVE CHALICE,16/07/2016,3,ENG/MULTI5,954 MB,954 MB,567 MB
370,"TROPICO 5: ESPIONAGE, ORIGINAL GAME + ALL DLCS",16/07/2016,7,RUS/ENG/MULTI6,"3,1 GB","3,1 GB","1,8~2,5 GB"
371,HATRED,16/07/2016,42,RUS/ENG/MULTI9,"1,9 GB","1,9 GB","1,1 GB"
372,HATRED,16/07/2016,42,RUS/ENG/MULTI9,"1,9 GB","1,9 GB","1,1 GB"
373,BLADESTORM: NIGHTMARE,16/07/2016,17,ENG/JAP,"9,3 GB","9,3 GB","4,2~4,9 GB"
374,DYING LIGHT V1.6.0 + ALL DLCS,16/07/2016,280,RUS/ENG/MULTI9,"19,3 GB","19,3 GB","8,8~9,5 GB SELECTIVE DOWNLOAD"
375,MAGICKA 2,16/07/2016,14,RUS/ENG/MULTI8,"2,1 GB","2,1 GB",664 MB
376,THE INCREDIBLE ADVENTURES OF VAN HELSING III,16/07/2016,9,ENG/MULTI8,"12,7 GB","12,7 GB","4,5 GB"
377,MAGNETIC: CAGE CLOSED – COLLECTOR’S EDITION,16/07/2016,0,RUS/ENG/MULTI7,2 GB,2 GB,"1,1 GB"
378,FOOTBALL MANAGER 2015 V15.3.2,16/07/2016,6,RUS/ENG/MULTI15,"1,7 GB","1,7 GB",887 MB
379,MONSTRUM,16/07/2016,4,ENG,"1,7 GB","1,7 GB","1,2 GB"
380,NOT A HERO,16/07/2016,2,ENG,616 MB,616 MB,365 MB
381,AIRPORT FIREFIGHTERS: THE SIMULATION,16/07/2016,6,RUS/ENG/MULTI6,"2,6 GB","2,6 GB","1,4 GB"
382,LEMMA,15/07/2016,2,ENG/POL,431 MB,431 MB,349 MB
383,LOST ORBIT,15/07/2016,0,RUS/ENG/MULTI8,596 MB,596 MB,335 MB
384,"INVISIBLE, INC.",15/07/2016,3,RUS/ENG,1 GB,1 GB,841 MB
385,FINAL FANTASY IV: THE AFTER YEARS,15/07/2016,12,RUS/ENG/MULTI7,782 MB,782 MB,413 MB
386,DEX,15/07/2016,2,ENG,"2,7 GB","2,7 GB","1,5 GB"
387,WOLFENSTEIN: THE OLD BLOOD,15/07/2016,187,RUS/ENG/MULTI7,"34,7 GB","34,7 GB","31,6 GB"
388,BLOOD KNIGHTS,15/07/2016,1,RUS/ENG/MULTI6,"1,9 GB","1,9 GB",758 MB
389,SOLARIX,15/07/2016,2,ENG,"2,1 GB","2,1 GB","1,6 GB"
390,SKY FORCE ANNIVERSARY,15/07/2016,7,RUS/ENG/MULTI13,334 MB,334 MB,127 MB
391,"GUNS, GORE & CANNOLI",15/07/2016,5,RUS/ENG/MULTI9,2 GB,2 GB,"0,8~1,3 GB"
392,YS VI: THE ARK OF NAPISHTIM,15/07/2016,14,ENG,2 GB,2 GB,598~998 MB
393,WASTELAND 2 (V65562/UPDATE 6),15/07/2016,6,RUS/ENG/MULTI7,"8,4 GB","8,4 GB","2,3 GB"
394,STATE OF DECAY: YEAR-ONE SURVIVAL EDITION,15/07/2016,131,RUS/ENG/MULTI7,"2,9 GB","2,9 GB","2,1 GB"
395,RESIDENT EVIL: REVELATIONS 2 – ALL EPISODES + PATCH V4.0,15/07/2016,246,RUS/ENG/MULTI11,"12,5 GB","12,5 GB","6,6~8 GB (Selective Download)"
396,DUNGEONS 2,15/07/2016,6,RUS/ENG/MULTI7,"2,3 GB","2,3 GB","1,1 GB"
397,KALIMBA,15/07/2016,1,ENG/MULTI5,"1,52 GB","1,52 GB","1,18 GB"
398,HALO: SPARTAN STRIKE,15/07/2016,36,ENG/MULTI6,"1,1 GB","1,1 GB",663 MB
399,BLOODBATH KAVKAZ,15/07/2016,3,RUS/ENG/MULTI9,600 MB,600 MB,410 MB
400,AGE OF WONDERS 3: ETERNAL LORDS,15/07/2016,20,RUS/ENG/MULTI5,"3,8 GB","3,8 GB","1,6/1,9 GB"
401,I AM BREAD,14/07/2016,7,ENG,978 MB,978 MB,602 MB
402,STARDRIVE 2: DIGITAL DELUXE EDITION V1.0B,14/07/2016,2,RUS/ENG/MULTI5,"2,3 GB","2,3 GB","980 MB/1,3 GB"
403,ALBEDO: EYES FROM OUTER SPACE,14/07/2016,1,RUS/ENG/MULTI8,"1,1 GB","1,1 GB",734 MB
404,BLUE ESTATE: THE GAME,14/07/2016,15,ENG/MULTI4,"2,6 GB","2,6 GB","1,9 GB"
405,THERE CAME AN ECHO V1.0.6,14/07/2016,1,RUS/ENG/MULTI11,"2,6 GB","2,6 GB","1,4~1,6 GB"
406,DIRT 3: COMPLETE EDITION,14/07/2016,138,RUS/ENG/MULTI6,"8,6 GB","8,6 GB","3,9~4 GB"
407,RUNNING WITH RIFLES,14/07/2016,21,English only,451 MB,451 MB,198 MB
408,DARK SOULS 2: SCHOLAR OF THE FIRST SIN,14/07/2016,425,RUS/ENG/MULTI10,"15,4 GB","15,4 GB","6,9 GB"
409,SON OF NOR,14/07/2016,2,RUS/ENG/MULTI6,"3,1 GB","3,1 GB","1,8 GB"
410,BLOODSPORTS.TV,14/07/2016,2,ENG,"1,3 GB","1,3 GB",366 MB
411,RESIDENT EVIL 5: GOLD EDITION,14/07/2016,339,RUS/ENG/MULTI9,"8,3 GB","8,3 GB","2,9 GB"
412,ETHERIUM,14/07/2016,1,RUS/ENG,"1,7 GB","1,7 GB","1,4 GB"
413,"DIVINITY: ORIGINAL SIN – DIGITAL COLLECTOR’S EDITION, V1.0.252.0",14/07/2016,18,RUS/ENG/MULTI6,"7,2 GB","7,2 GB","5,4~6,4 GB"
414,WORLDS OF MAGIC,14/07/2016,3,RUS/ENG/MULTI7,"1,6 GB","1,6 GB",869 MB
415,WOOLFE: THE RED HOOD DIARIES,14/07/2016,4,RUS/ENG/MULTI7,"2,3 GB","2,3 GB","1,2 GB"
416,OCEANHORN: MONSTER OF UNCHARTED SEAS,14/07/2016,8,RUS/ENG/MULTI11,550 MB,550 MB,240 MB
417,DRIZZLEPATH,14/07/2016,2,ENG,"1,8 GB","1,8 GB","1,3 GB"
418,SID MEIER’S STARSHIPS,14/07/2016,4,RUS/ENG/MULTI10,641 MB,641 MB,514 MB
419,ORI AND THE BLIND FOREST,14/07/2016,10,RUS/ENG/MULTI9,"3,3 GB","3,3 GB","1,9 GB"
420,HOTLINE MIAMI 2: WRONG NUMBER,14/07/2016,26,RUS/ENG/MULTI7,625 MB,625 MB,504 MB
421,ASSASSIN’S CREED: ROGUE,14/07/2016,385,RUS/ENG/MULTI10,"7,7 GB","7,7 GB","5,4 GB [Selective Download]"
422,ZOMBIE ARMY TRILOGY,14/07/2016,32,RUS/ENG/MULTI9,"8,2 GB","8,2 GB","4,5 GB"
423,SHIFTLINGS,10/07/2016,1,ENG/MULTI6,"1,3 GB","1,3 GB",784 MB
424,WHITE NIGHT,10/07/2016,2,ENG/MULTI5,"1,3 GB","1,3 GB",532 MB
425,TRIALS FUSION: FAULT ONE ZERO + ALL PREVIOUS DLCS,10/07/2016,3,RUS/ENG/MULTI10,"8,3 GB","8,3 GB","5,8 GB"
426,"WARHAMMER 40,000: ARMAGEDDON + UNTOLD BATTLES DLC",10/07/2016,7,ENG,1 GB,1 GB,781 MB
427,TRAIN FEVER + USA DLC,10/07/2016,2,RUS/ENG/MULTI15,"2,3 GB","2,3 GB","1,4 GB"
428,EUROPA UNIVERSALIS IV: EL DORADO + ALL PREVIOUS DLCS,10/07/2016,2,ENG/MULTI4,1 GB,1 GB,644 MB
429,PNEUMA: BREATH OF LIFE,10/07/2016,4,ENG,"11,8 GB","11,8 GB","1,8 GB"
430,DYNASTY WARRIORS 8: EMPIRES,10/07/2016,59,ENG,"8,9 GB","8,9 GB","5,7 GB"
431,SENTINEL,10/07/2016,3,ENG,760 MB,760 MB,457 MB
432,ODDWORLD: ABE’S ODDYSEE – NEW ‘N’ TASTY,10/07/2016,26,RUS/ENG/MULTI10,"4,4 GB","4,4 GB","3,6 GB"
433,AARU’S AWAKENING,10/07/2016,3,RUS/ENG/MULTI7,2 GB,2 GB,423 MB
434,DARKSIDERS 2: THE COMPLETE EDITION,10/07/2016,29,RUS/ENG/MULTI9,"8,2 GB","8,2 GB","4,3~6 GB [Selective Download]"
435,THE KING OF FIGHTERS 2002: UNLIMITED MATCH,10/07/2016,20,ENG/JAP,"1,4 GB","1,4 GB",519 MB
436,VANGERS: SPECIAL EDITION,10/07/2016,1,RUS/ENG,262 MB,262 MB,213 MB
437,PARTICULA,10/07/2016,1,ENG,415 MB,415 MB,194 MB
438,PIXEL BOY AND THE EVER EXPANDING DUNGEON,10/07/2016,1,ENG,256 MB,256 MB,92 MB
439,CARIBBEAN!,10/07/2016,5,RUS/ENG,"1,2 GB","1,2 GB",414 MB
440,EUROPEAN SHIP SIMULATOR,10/07/2016,13,ENG/MULTI8,"2,2 GB","2,2 GB",570 MB
441,FROZEN CORTEX,10/07/2016,1,ENG,"1,7 GB","1,7 GB",990 MB
442,GAS GUZZLERS EXTREME: FULL METAL ZOMBIE,10/07/2016,6,RUS/ENG/MULTI9,15 GB,15 GB,5.2 GB
443,THE BOOK OF UNWRITTEN TALES 2,10/07/2016,4,ENG/GER,"4,6 GB","4,6 GB",2~3 GB (Selective Download)
444,HAND OF FATE,10/07/2016,13,RUS/ENG/MULTI6,"3,8 GB","3,8 GB","1,4 GB"
445,BONETOWN: THE POWER OF DEATH,10/07/2016,2,ENG,"2,4 GB","2,4 GB","1,5 GB"
446,CULTS & DAGGERS,10/07/2016,2,ENG,800 MB,800 MB,418 MB
447,CARMAGEDDON: REINCARNATION – PUBIC BETA V0.9.0.6670,09/07/2016,1,RUS/ENG/MULTI6,13 GB,13 GB,"6,3 GB"
448,"DREADOUT: ACTS 0, 1, 2",09/07/2016,10,ENG/IND,"6,5 GB","6,5 GB","1,4 GB"
449,A.V.,09/07/2016,10,ENG,990 MB,990 MB,597 MB
450,LEX MORTIS,09/07/2016,1,ENG,"2,5 GB","2,5 GB","1,6 GB"
451,HAROLD,09/07/2016,1,ENG/MULTI7,4 GB,4 GB,"1,1 GB"
452,ASTRAY,09/07/2016,9,ENG,"1,5 GB","1,5 GB","1,1 GB"
453,LUCIUS 2 : THE PROPHECY,09/07/2016,9,ENG,"4,8 GB","4,8 GB",2 GB
454,DECAY: THE MARE,09/07/2016,2,RUS/ENG/MULTI10,955 MB,955 MB,262 MB
455,EVOLVE,09/07/2016,46,RUS/ENG/MULTI10,"26,5 GB","26,5 GB","SELECTIVE DOWNLOAD 7,5~20 GB"
456,GRAVITY GHOST,09/07/2016,1,ENG,562 MB,562 MB,392 MB
457,SUPREME LEAGUE OF PATRIOS: FULL SEASON,09/07/2016,2,ENG,"5,5 GB","5,5 GB","4,3 GB"
458,CITIES XXL,09/07/2016,15,RUS/ENG/MULTI7,"5,3 GB","5,3 GB","3,4 GB"
459,CRASHED LANDER: STEAM VERSION,09/07/2016,1,ENG,555 MB,555 MB,411 MB
460,AIR GUARDIANS,09/07/2016,9,ENG,"1,4 GB","1,4 GB",1 GB
461,SICKBRICK – STEAM VERSION,08/07/2016,1,ENG,446 MB,446 MB,252 MB
462,GROW HOME,08/07/2016,7,ENG,615 MB,615 MB,426 MB
463,EXODUS WARS: FRACTURED EMPIRE,08/07/2016,1,ENG,873 MB,873 MB,523 MB
464,RAVEN’S CRY: DIGITAL DELUXE EDITION,08/07/2016,8,ENG/GER,16 GB,16 GB,"6,8~10,2 GB SELECTIVE DOWNLOAD"
465,FAHRENHEIT: INDIGO PROPHECY REMASTERED,08/07/2016,36,RUS/ENG/MULTI5,"9,5 GB","9,5 GB","2,7 GB"
466,HEROES OF MIGHT & MAGIC 3: HD EDITION,08/07/2016,20,RUS/ENG,"1,5 GB","1,5 GB",935 MB
467,GRIM FANDANGO REMASTERED,08/07/2016,14,RUS/ENG/MULTI7,"5,4 GB","5,4 GB","3,5 GB"
468,RESIDENT EVIL HD REMASTER,08/07/2016,298,RUS/ENG/MULTI7,18 GB,18 GB,"3,9~9,5 GB SELECTIVE DOWNLOAD"
469,NICOLAS EYMERICH THE INQUISITOR BOOK II : THE VILLAGE,08/07/2016,1,ENG/MULTI6,"2,4 GB","2,4 GB","1,5 GB"
470,SAINTS ROW: GAT OUT OF HELL (UPDATE 1 INCLUDED),08/07/2016,35,RUS/ENG/MULTI7,5 GB,5 GB,"4,2 GB"
471,GUILD COMMANDER,08/07/2016,1,ENG,817 MB,817 MB,581 MB
472,GUILD COMMANDER,08/07/2016,1,ENG,817 MB,817 MB,581 MB
473,PROJECT NIGHT,08/07/2016,1,ENG,482 MB,482 MB,328 MB
474,THE BUREAU : XCOM DECLASSIFIED – THE COMPLETE EDITION (+ALL DLCS),08/07/2016,44,MULTI8,11 GB,11 GB,5~6.6 GB SELECTIVE DOWNLOAD
475,CITIZENS OF EARTH,08/07/2016,1,ENG/MULTI5,"1,7 GB","1,7 GB",753 MB
476,XCOM: ENEMY UNKNOWN – THE COMPLETE EDITION,08/07/2016,76,RUS/ENG/MULTI10,"17,7 GB","17,7 GB",12 GB
477,BLACKGUARDS 2,08/07/2016,3,ENG/GER,"3,8 GB","3,8 GB","3,3 GB"
478,DOUBLE DRAGON TRILOGY,08/07/2016,9,RUS/ENG/MULTI10,226 MB,226 MB,90 MB
479,TENGAMI,08/07/2016,4,RUS/ENG/MULTI15,420 MB,420 MB,326 MB
480,POLTERGEIST: A PIXELATED HORROR (V1.02),08/07/2016,3,ENG/MULTI6,206 MB,206 MB,108 MB
481,MONTAGUE’S MOUNT (V1.4.0F91),08/07/2016,1,RUS/ENG/MULTI7,601 MB,601 MB,405 MB
482,JAGGED ALLIANCE: FLASHBACK,07/07/2016,4,RUS/ENG/MULTI4,"1,4 GB","1,4 GB",903 MB
483,ZOMBIE DRIVER HD: COMPLETE EDITION,07/07/2016,8,ENG/MULTI6,"1,2 GB","1,2 GB",688 MB
484,DO NOT FALL,07/07/2016,1,ENG/MULTI3,"1,25 GB","1,25 GB",360 MB
485,VERDE STATION,07/07/2016,1,ENG,395 MB,395 MB,272 MB
486,SUNAGE: BATTLE FOR ELYSIUM – REMASTERED,07/07/2016,1,RUS/ENG/MULTI7,754 MB,754 MB,451 MB
487,ROOKS KEEP,07/07/2016,5,ENG,"2,1 GB","2,1 GB",880 MB
488,ONE LATE NIGHT: DEADLINE,07/07/2016,2,ENG,567 MB,567 MB,387 MB
489,FAT CHICKEN,07/07/2016,3,ENG,390 MB,390 MB,243 MB
490,DEAD STATE (V1.0.0.134),07/07/2016,11,ENG,"2,7 GB","2,7 GB",698 MB
491,MOUNT & BLADE: WARBAND – VIKING CONQUEST,07/07/2016,12,ENG/MULTI10,"2,3 GB","2,3 GB","1,5 GB"
492,DUNGEON OF THE ENDLESS,07/07/2016,1,ENG/MULTI3,507 MB,507 MB,278 MB
493,CRUSADER KINGS 2: WAY OF LIFE + 49 DLC,07/07/2016,8,ENG/MULTI4,915 MB,915 MB,564 MB
494,DEAD EFFECT,07/07/2016,7,RUS/ENG/MULTI6,"2,9 GB","2,9 GB","1,05 GB"
495,THE KING OF FIGHTERS ’98: ULTIMATE MATCH – FINAL EDITION,07/07/2016,15,ENG/JAP,462 MB,462 MB,315 MB
496,DEATH CARGO,07/07/2016,8,ENG,3 GB,3 GB,"1,27 GB"
497,PAPER MONSTERS RECUT,07/07/2016,1,ENG,210 MB,210 MB,80 MB
498,FINAL FANTASY XIII-2,07/07/2016,93,ENG/JAP/MULTI8,28 GB,28 GB,"13,38 GB"
499,BLAZBLUE: CONTINUUM SHIFT EXTEND,07/07/2016,28,ENG/MULTI4,"8,7 GB","8,7 GB","5,8 GB"
500,JUJU,07/07/2016,2,RUS/ENG/MULTI8,3 GB,3 GB,"2,24 GB"
501,FLYHUNTER ORIGINS,07/07/2016,1,ENG/MULTI5,"1,9 GB","1,9 GB",484 MB
502,CARGO 3,07/07/2016,4,ENG/MULTI6,"4,6 GB","4,6 GB","3,4 GB"
503,LARA CROFT AND THE TEMPLE OF OSIRIS,07/07/2016,16,RUS/ENG,"3,2 GB","3,2 GB","1,95 GB"
504,DUSTFORCE DX,06/07/2016,3,ENG,270 MB,270 MB,242 MB
505,THE DETAIL: EPISODE 1 – WHERE THE DEAD LIE,06/07/2016,1,ENG,570 MB,570 MB,345 MB
506,MAGICAL BATTLE FESTA,06/07/2016,4,ENG/JAP,560 MB,560 MB,321 MB
507,FROZEN SYNAPSE PRIME,06/07/2016,3,ENG/MULTI6,750 MB,750 MB,296 MB
508,THE OLD CITY: LEVIATHAN,06/07/2016,7,ENG,"2,8 GB","2,8 GB","1,81 GB"
509,HOW TO SURVIVE: STORM WARNING EDITION,06/07/2016,9,RUS/ENG/MULTI7,"3,4 GB","3,4 GB","1,2 GB"
510,MINING INDUSTRY SIMULATOR,06/07/2016,6,MULTI3/ENG,820 MB,820 MB,538 MB
511,MAGNIFICO,06/07/2016,4,MULTI6/RUS/ENG,452 MB,452 MB,259 MB
512,MOTORCYCLE CLUB,06/07/2016,7,MULTI5/Eng,"2,7 GB","2,7 GB",780 MB
513,JOE DEVER’S LONE WOLF HD REMASTERED,06/07/2016,12,ENG,"2,9 GB","2,9 GB","1,2 GB"
514,EMERGENCY 5: DELUXE EDITION,06/07/2016,9,ENG,"17,7 GB","17,7 GB",5 GB
515,GEOMETRY WARS 3: DIMENSIONS (MY FIRST REPACK! :),06/07/2016,202,ENG,250 MB,250 MB,69 MB
